K,AUC_test,AUC_train,Accuracy_test,Accuracy_train,F1_Score_test,F1_Score_train,Recall_test,Recall_train,FPR_test,TPR_test
2,0.8580330019331678,1.0,0.8616803278688525,1.0,0.8347613219094248,1.0,0.8357843137254902,1.0,"[np.float64(0.0), np.float64(0.11971830985915492), np.float64(1.0)]","[np.float64(0.0), np.float64(0.8357843137254902), np.float64(1.0)]"
1,0.8491665804025085,1.0,0.8537772087067862,1.0,0.8243617348508151,1.0,0.821078431372549,1.0,"[np.float64(0.0), np.float64(0.1227452705675319), np.float64(1.0)]","[np.float64(0.0), np.float64(0.821078431372549), np.float64(1.0)]"
5,0.8478059150375896,1.0,0.8532274590163934,1.0,0.8226555246053854,1.0,0.8148375229920294,1.0,"[np.float64(0.0), np.float64(0.11922569291684998), np.float64(1.0)]","[np.float64(0.0), np.float64(0.8148375229920294), np.float64(1.0)]"
3,0.8475321281495269,1.0,0.852202868852459,1.0,0.8224068944290551,1.0,0.8191293684855917,1.0,"[np.float64(0.0), np.float64(0.12406511218653761), np.float64(1.0)]","[np.float64(0.0), np.float64(0.8191293684855917), np.float64(1.0)]"
4,0.8392409710344263,1.0,0.8442622950819673,1.0,0.8126925446703636,1.0,0.8087063151440834,1.0,"[np.float64(0.0), np.float64(0.13022437307523096), np.float64(1.0)]","[np.float64(0.0), np.float64(0.8087063151440834), np.float64(1.0)]"
