K,F1_Score_train,Recall_train,AUC_train,Accuracy_train,FPR_train,TPR_train,F1_Score_test,Recall_test,AUC_test,Accuracy_test,FPR_test,TPR_test
0,0.9523105360443623,0.9474071349760942,0.9585240532325032,0.9603503918856616,"[np.float64(0.0), np.float64(0.030359028511087644), np.float64(1.0)]","[np.float64(0.0), np.float64(0.9474071349760942), np.float64(1.0)]",0.8228929384965832,0.8191609977324263,0.8469513132523231,0.8513028926607697,"[np.float64(0.0), np.float64(0.12525837122778008), np.float64(1.0)]","[np.float64(0.0), np.float64(0.8191609977324263), np.float64(1.0)]"
