K_,AUC_test,AUC_train,Accuracy_test,Accuracy_train,F1_Score_test,F1_Score_train,Recall_test,Recall_train,FPR_test,TPR_test
2,0.8518969207401271,0.9817920769047945,0.8560450819672131,0.9830313120317603,0.8276073619631902,0.9795824023422451,0.8265931372549019,0.9742528735632184,[0.        0.1227993 1.       ],[0.         0.82659314 1.        ]
1,0.8504471987871259,0.9811704304412894,0.8555697823303458,0.9827100409836066,0.8258184064237184,0.9791537986411365,0.8192401960784313,0.9718007662835249,[0.        0.1183458 1.       ],[0.        0.8192402 1.       ]
3,0.848959596338323,0.9794123220275612,0.8552766393442623,0.9813664596273292,0.8239326893113119,0.9774750367675517,0.8105456774984672,0.9675145571559914,[0.         0.11262648 1.        ],[0.         0.81054568 1.        ]
5,0.8463128998401247,0.982543751025867,0.8516905737704918,0.9840558365883332,0.8209093721002165,0.9807766540569752,0.8136112814224402,0.973337419552559,[0.         0.12098548 1.        ],[0.         0.81361128 1.        ]
4,0.8418548940282898,0.9819661135291804,0.8486168032786885,0.9837356726644042,0.8154854823602873,0.9803557617942769,0.8007357449417535,0.9711921544590867,[0.         0.11702596 1.        ],[0.         0.80073574 1.        ]
