K,AUC_test,AUC_train,Accuracy_test,Accuracy_train,F1_Score_test,F1_Score_train,Recall_test,Recall_train,FPR_test,TPR_test
2,0.8501536177851421,0.9577008207290986,0.8550204918032787,0.9600435422936544,0.8255240443896424,0.9517625231910947,0.8204656862745098,0.9434482758620689,"[np.float64(0.0), np.float64(0.12015845070422536), np.float64(1.0)]","[np.float64(0.0), np.float64(0.8204656862745098), np.float64(1.0)]"
3,0.8475321281495269,1.0,0.852202868852459,1.0,0.8224068944290551,1.0,0.8191293684855917,1.0,"[np.float64(0.0), np.float64(0.12406511218653761), np.float64(1.0)]","[np.float64(0.0), np.float64(0.8191293684855917), np.float64(1.0)]"
1,0.8463938616581698,0.9575367579657535,0.8532650448143406,0.9615138319672131,0.8208815254767114,0.952977075346217,0.8045343137254902,0.9333333333333333,"[np.float64(0.0), np.float64(0.1117465904091509), np.float64(1.0)]","[np.float64(0.0), np.float64(0.8045343137254902), np.float64(1.0)]"
5,0.8449087642284887,0.971428316669944,0.8534836065573771,0.9750912467183198,0.8188727042431919,0.9695546685450419,0.7927651747394237,0.9491265706405149,"[np.float64(0.0), np.float64(0.10294764628244611), np.float64(1.0)]","[np.float64(0.0), np.float64(0.7927651747394237), np.float64(1.0)]"
4,0.8360162200523675,0.9823924309025374,0.8427254098360656,0.9840558365883332,0.8086034912718204,0.9807558543936935,0.7952176578786021,0.9722647870058229,"[np.float64(0.0), np.float64(0.12318521777386714), np.float64(1.0)]","[np.float64(0.0), np.float64(0.7952176578786021), np.float64(1.0)]"
