K_,AUC_test,AUC_train,Accuracy_test,Accuracy_train,F1_Score_test,F1_Score_train,Recall_test,Recall_train,FPR_test,TPR_test
2,0.8031060135321735,1.0,0.8107069672131147,1.0,0.7697101900903708,1.0,0.7567401960784313,1.0,[0.         0.15052817 1.        ],[0.        0.7567402 1.       ]
5,0.8010730557826623,1.0,0.8107069672131147,1.0,0.7662132236633976,1.0,0.7424892703862661,1.0,[0.         0.14034316 1.        ],[0.         0.74248927 1.        ]
3,0.7988663064907993,1.0,0.8076331967213115,1.0,0.7640590637763116,1.0,0.7455548743102391,1.0,[0.         0.14782226 1.        ],[0.         0.74555487 1.        ]
1,0.7963443406399076,1.0,0.8071702944942382,1.0,0.759961746891935,1.0,0.7303921568627451,1.0,[0.         0.13770348 1.        ],[0.         0.73039216 1.        ]
4,0.7873503983936397,1.0,0.798155737704918,1.0,0.7492043284532145,1.0,0.7216431637032495,1.0,[0.         0.14694237 1.        ],[0.         0.72164316 1.        ]
