{
    "0": {
        "params": {
            "subsample": 0.6,
            "reg_lambda": 0.01,
            "reg_alpha": 0,
            "num_leaves": 40,
            "n_estimators": 250,
            "min_child_samples": 20,
            "max_depth": 20,
            "learning_rate": 0.1,
            "colsample_bytree": 0.9
        },
        "score": 0.971351052224966,
        "model_time": 0.25603270530700684,
        "accuracy_train": 0.9751549613237027,
        "accuracy_val": 0.9136983026535979,
        "accuracy_test": 0.9235181644359465,
        "f1_score": 0.9057714958775029,
        "recall": 0.90099589923843,
        "auc": 0.9200175297564778,
        "fpr": [
            0.0,
            0.060960839725474364,
            1.0
        ],
        "tpr": [
            0.0,
            0.90099589923843,
            1.0
        ],
        "model_path": "./models/lgbm/0.pkl"
    },
    "1": {
        "params": {
            "subsample": 0.7,
            "reg_lambda": 0.01,
            "reg_alpha": 0,
            "num_leaves": 50,
            "n_estimators": 200,
            "min_child_samples": 10,
            "max_depth": 15,
            "learning_rate": 0.1,
            "colsample_bytree": 0.9
        },
        "score": 0.9717409818512941,
        "model_time": 0.326174259185791,
        "accuracy_train": 0.9785359356590339,
        "accuracy_val": 0.9160889313889553,
        "accuracy_test": 0.9242351816443595,
        "f1_score": 0.9064620832103866,
        "recall": 0.8998242530755711,
        "auc": 0.9204409921009669,
        "fpr": [
            0.0,
            0.05894226887363747,
            1.0
        ],
        "tpr": [
            0.0,
            0.8998242530755711,
            1.0
        ],
        "model_path": "./models/lgbm/1.pkl"
    },
    "2": {
        "params": {
            "subsample": 0.9,
            "reg_lambda": 0.1,
            "reg_alpha": 0.05,
            "num_leaves": 40,
            "n_estimators": 200,
            "min_child_samples": 10,
            "max_depth": 10,
            "learning_rate": 0.1,
            "colsample_bytree": 0.9
        },
        "score": 0.9689007703819247,
        "model_time": 0.2424755096435547,
        "accuracy_train": 0.9637313662209928,
        "accuracy_val": 0.9093951709299546,
        "accuracy_test": 0.9173040152963671,
        "f1_score": 0.8987119437939111,
        "recall": 0.8992384299941417,
        "auc": 0.9144960821751088,
        "fpr": [
            0.0,
            0.0702462656439241,
            1.0
        ],
        "tpr": [
            0.0,
            0.8992384299941417,
            1.0
        ],
        "model_path": "./models/lgbm/2.pkl"
    },
    "3": {
        "params": {
            "subsample": 1.0,
            "reg_lambda": 0.01,
            "reg_alpha": 0,
            "num_leaves": 60,
            "n_estimators": 250,
            "min_child_samples": 50,
            "max_depth": 20,
            "learning_rate": 0.05,
            "colsample_bytree": 0.7
        },
        "score": 0.9675166950844375,
        "model_time": 0.3712124824523926,
        "accuracy_train": 0.9572255519696737,
        "accuracy_val": 0.9060482907004542,
        "accuracy_test": 0.9163479923518164,
        "f1_score": 0.8974208675263775,
        "recall": 0.8968951376684241,
        "auc": 0.91332443601225,
        "fpr": [
            0.0,
            0.0702462656439241,
            1.0
        ],
        "tpr": [
            0.0,
            0.8968951376684241,
            1.0
        ],
        "model_path": "./models/lgbm/3.pkl"
    },
    "4": {
        "params": {
            "subsample": 0.9,
            "reg_lambda": 0.05,
            "reg_alpha": 0.01,
            "num_leaves": 60,
            "n_estimators": 250,
            "min_child_samples": 20,
            "max_depth": -1,
            "learning_rate": 0.05,
            "colsample_bytree": 0.9
        },
        "score": 0.9701401288231655,
        "model_time": 0.412280797958374,
        "accuracy_train": 0.9627068285436197,
        "accuracy_val": 0.9093951709299546,
        "accuracy_test": 0.9149139579349904,
        "f1_score": 0.8952324896998234,
        "recall": 0.8910369068541301,
        "auc": 0.9112027489458377,
        "fpr": [
            0.0,
            0.06863140896245458,
            1.0
        ],
        "tpr": [
            0.0,
            0.8910369068541301,
            1.0
        ],
        "model_path": "./models/lgbm/4.pkl"
    },
    "5": {
        "params": {
            "subsample": 0.8,
            "reg_lambda": 0.05,
            "reg_alpha": 0.01,
            "num_leaves": 40,
            "n_estimators": 250,
            "min_child_samples": 30,
            "max_depth": 15,
            "learning_rate": 0.1,
            "colsample_bytree": 0.9
        },
        "score": 0.9708942099984949,
        "model_time": 0.308258056640625,
        "accuracy_train": 0.9713129450335536,
        "accuracy_val": 0.9120248625388477,
        "accuracy_test": 0.9173040152963671,
        "f1_score": 0.8980553918680023,
        "recall": 0.8927943760984183,
        "auc": 0.9134944831642677,
        "fpr": [
            0.0,
            0.06580540976988292,
            1.0
        ],
        "tpr": [
            0.0,
            0.8927943760984183,
            1.0
        ],
        "model_path": "./models/lgbm/5.pkl"
    },
    "6": {
        "params": {
            "subsample": 1.0,
            "reg_lambda": 0.05,
            "reg_alpha": 0.1,
            "num_leaves": 50,
            "n_estimators": 200,
            "min_child_samples": 10,
            "max_depth": -1,
            "learning_rate": 0.05,
            "colsample_bytree": 0.9
        },
        "score": 0.964674881223093,
        "model_time": 0.2590816020965576,
        "accuracy_train": 0.9428307976025818,
        "accuracy_val": 0.8979201530002391,
        "accuracy_test": 0.9101338432122371,
        "f1_score": 0.8898007033997656,
        "recall": 0.8892794376098418,
        "auc": 0.9068924438755709,
        "fpr": [
            0.0,
            0.07549454985870004,
            1.0
        ],
        "tpr": [
            0.0,
            0.8892794376098418,
            1.0
        ],
        "model_path": "./models/lgbm/6.pkl"
    },
    "7": {
        "params": {
            "subsample": 0.6,
            "reg_lambda": 0.01,
            "reg_alpha": 0.1,
            "num_leaves": 70,
            "n_estimators": 250,
            "min_child_samples": 20,
            "max_depth": 15,
            "learning_rate": 0.1,
            "colsample_bytree": 0.9
        },
        "score": 0.9755711639347815,
        "model_time": 0.44217777252197266,
        "accuracy_train": 0.9949285384970032,
        "accuracy_val": 0.9237389433420989,
        "accuracy_test": 0.9292543021032504,
        "f1_score": 0.9127358490566038,
        "recall": 0.9068541300527241,
        "auc": 0.9257726443561966,
        "fpr": [
            0.0,
            0.055308841340331046,
            1.0
        ],
        "tpr": [
            0.0,
            0.9068541300527241,
            1.0
        ],
        "model_path": "./models/lgbm/7.pkl"
    },
    "8": {
        "params": {
            "subsample": 1.0,
            "reg_lambda": 0.05,
            "reg_alpha": 0,
            "num_leaves": 70,
            "n_estimators": 250,
            "min_child_samples": 10,
            "max_depth": -1,
            "learning_rate": 0.07,
            "colsample_bytree": 0.9
        },
        "score": 0.9740916089415457,
        "model_time": 0.37566232681274414,
        "accuracy_train": 0.9862711951232006,
        "accuracy_val": 0.91919674874492,
        "accuracy_test": 0.9263862332695985,
        "f1_score": 0.9091445427728614,
        "recall": 0.9027533684827183,
        "auc": 0.9227129781452751,
        "fpr": [
            0.0,
            0.05732741219216794,
            1.0
        ],