K,AUC_test,AUC_train,Accuracy_test,Accuracy_train,F1_Score_test,F1_Score_train,Recall_test,Recall_train,FPR_test,TPR_test
2,0.9143321941452637,0.9785060083977661,0.9172643442622951,0.979381443298969,0.9005847953216374,0.9752726155736446,0.8964460784313726,0.9731800766283525,"[np.float64(0.0), np.float64(0.06778169014084508), np.float64(1.0)]","[np.float64(0.0), np.float64(0.8964460784313726), np.float64(1.0)]"
3,0.9112427416128825,0.9789687867755095,0.9141905737704918,0.9798937055772555,0.89689135118498,0.9758795513903825,0.8933169834457388,0.973337419552559,"[np.float64(0.0), np.float64(0.0708315002199736), np.float64(1.0)]","[np.float64(0.0), np.float64(0.8933169834457388), np.float64(1.0)]"
5,0.9078705772965122,0.9784677658893042,0.9113729508196722,0.9796375744381123,0.8931439159975293,0.9755309325946445,0.8865726548129982,0.9713453876800491,"[np.float64(0.0), np.float64(0.0708315002199736), np.float64(1.0)]","[np.float64(0.0), np.float64(0.8865726548129982), np.float64(1.0)]"
1,0.9059727416043407,0.9787251169633898,0.9093469910371319,0.9796362704918032,0.8908754623921085,0.9755722845291135,0.8854166666666666,0.9731800766283525,"[np.float64(0.0), np.float64(0.07347118345798505), np.float64(1.0)]","[np.float64(0.0), np.float64(0.8854166666666666), np.float64(1.0)]"
4,0.9040982525383281,0.9797527438455312,0.9077868852459017,0.9802779022859704,0.8887515451174289,0.976405699402482,0.8816676885346413,0.9765553171927674,"[np.float64(0.0), np.float64(0.07347118345798505), np.float64(1.0)]","[np.float64(0.0), np.float64(0.8816676885346413), np.float64(1.0)]"
