K_,AUC_test,AUC_train,Accuracy_test,Accuracy_train,F1_Score_test,F1_Score_train,Recall_test,Recall_train,FPR_test,TPR_test
3,0.911729488843926,0.9800414193222456,0.9149590163934426,0.9807901645642569,0.8975940777297964,0.9769797421731123,0.8920907418761496,0.9754826846460313,[0.         0.06863176 1.        ],[0.         0.89209074 1.        ]
5,0.9118558623976771,0.979294957280277,0.914702868852459,0.9800217711468272,0.8975699784681637,0.9760662779993863,0.894543225015328,0.974869751762182,[0.        0.0708315 1.       ],[0.         0.89454323 1.        ]
2,0.9101594863297432,0.9795806173757233,0.9129098360655737,0.980405967855542,0.8955773955773956,0.976504914004914,0.8933823529411765,0.9745593869731801,[0.         0.07306338 1.        ],[0.         0.89338235 1.        ]
1,0.9084788501850366,0.9799845411507572,0.9121638924455826,0.9807248975409836,0.8939721792890263,0.9769012355153096,0.8860294117647058,0.9754789272030652,[0.         0.06907171 1.        ],[0.         0.88602941 1.        ]
4,0.9002791277554356,0.9793617218593368,0.9039446721311475,0.9801498367163988,0.8842235257795616,0.9762087490406753,0.8779889638258737,0.9745632853202574,[0.         0.07743071 1.        ],[0.         0.87798896 1.        ]
