{
    "0": {
        "params": {
            "solver": "adam",
            "n_iter_no_change": 5,
            "learning_rate_init": 0.01,
            "learning_rate": "constant",
            "hidden_layer_sizes": [
                100,
                100
            ],
            "early_stopping": true,
            "alpha": 0.0001,
            "activation": "tanh"
        },
        "score": 0.834509875357867,
        "model_time": 1.6482114791870117,
        "accuracy_train": 0.758772603862507,
        "accuracy_val": 0.7523308630169735,
        "accuracy_test": 0.763623326959847,
        "f1_score": 0.6923794712286159,
        "recall": 0.6520210896309314,
        "auc": 0.7462769961679082,
        "fpr": [
            0.0,
            0.15946709729511505,
            1.0
        ],
        "tpr": [
            0.0,
            0.6520210896309314,
            1.0
        ],
        "model_path": "./models/mlp/0.pkl"
    },
    "1": {
        "params": {
            "solver": "adam",
            "n_iter_no_change": 10,
            "learning_rate_init": 0.01,
            "learning_rate": "adaptive",
            "hidden_layer_sizes": [
                50,
                50
            ],
            "early_stopping": true,
            "alpha": 0.01,
            "activation": "relu"
        },
        "score": 0.846533262575155,
        "model_time": 1.5171077251434326,
        "accuracy_train": 0.7774191895906972,
        "accuracy_val": 0.7690652641644753,
        "accuracy_test": 0.7760516252390057,
        "f1_score": 0.6912685337726524,
        "recall": 0.6145284124194493,
        "auc": 0.7509460794434751,
        "fpr": [
            0.0,
            0.112636253532499,
            1.0
        ],
        "tpr": [
            0.0,
            0.6145284124194493,
            1.0
        ],
        "model_path": "./models/mlp/1.pkl"
    },
    "2": {
        "params": {
            "solver": "sgd",
            "n_iter_no_change": 15,
            "learning_rate_init": 0.1,
            "learning_rate": "adaptive",
            "hidden_layer_sizes": [
                50,
                50
            ],
            "early_stopping": true,
            "alpha": 0.01,
            "activation": "tanh"
        },
        "score": 0.8413746469528173,
        "model_time": 11.548522710800171,
        "accuracy_train": 0.7725014087393064,
        "accuracy_val": 0.7602199378436528,
        "accuracy_test": 0.7703154875717018,
        "f1_score": 0.6916907282643567,
        "recall": 0.6315172817809022,
        "auc": 0.748742088609466,
        "fpr": [
            0.0,
            0.13403310456197012,
            1.0
        ],
        "tpr": [
            0.0,
            0.6315172817809022,
            1.0
        ],
        "model_path": "./models/mlp/2.pkl"
    },
    "3": {
        "params": {
            "solver": "adam",
            "n_iter_no_change": 15,
            "learning_rate_init": 0.01,
            "learning_rate": "adaptive",
            "hidden_layer_sizes": [
                50,
                50
            ],
            "early_stopping": true,
            "alpha": 0.0001,
            "activation": "tanh"
        },
        "score": 0.8542378839066735,
        "model_time": 3.3082094192504883,
        "accuracy_train": 0.7868449362225296,
        "accuracy_val": 0.7762371503705474,
        "accuracy_test": 0.7836998087954111,
        "f1_score": 0.7056910569105691,
        "recall": 0.635618043350908,
        "auc": 0.7606834665684697,
        "fpr": [
            0.0,
            0.11425111021396851,
            1.0
        ],
        "tpr": [
            0.0,
            0.635618043350908,
            1.0
        ],
        "model_path": "./models/mlp/3.pkl"
    },
    "4": {
        "params": {
            "solver": "adam",
            "n_iter_no_change": 15,
            "learning_rate_init": 0.1,
            "learning_rate": "constant",
            "hidden_layer_sizes": [
                50,
                50
            ],
            "early_stopping": true,
            "alpha": 0.0001,
            "activation": "logistic"
        },
        "score": 0.8411903397877287,
        "model_time": 4.617917060852051,
        "accuracy_train": 0.7711182828748527,
        "accuracy_val": 0.7621324408319388,
        "accuracy_test": 0.7681644359464627,
        "f1_score": 0.6652864044168392,
        "recall": 0.5647334504979497,
        "auc": 0.7365451669122772,
        "fpr": [
            0.0,
            0.09164311667339524,
            1.0
        ],
        "tpr": [
            0.0,
            0.5647334504979497,
            1.0
        ],
        "model_path": "./models/mlp/4.pkl"
    },
    "5": {
        "params": {
            "solver": "adam",
            "n_iter_no_change": 15,
            "learning_rate_init": 0.001,
            "learning_rate": "adaptive",
            "hidden_layer_sizes": [
                100,
                100
            ],
            "early_stopping": true,
            "alpha": 0.0001,
            "activation": "relu"
        },
        "score": 0.8448574018734158,
        "model_time": 3.9686636924743652,
        "accuracy_train": 0.771374417294196,
        "accuracy_val": 0.7599808749701171,
        "accuracy_test": 0.7705544933078394,
        "f1_score": 0.6921103271327774,
        "recall": 0.6321031048623316,
        "auc": 0.7490350001501807,
        "fpr": [
            0.0,
            0.13403310456197012,
            1.0
        ],
        "tpr": [
            0.0,
            0.6321031048623316,
            1.0
        ],
        "model_path": "./models/mlp/5.pkl"
    },
    "6": {
        "params": {
            "solver": "adam",
            "n_iter_no_change": 10,
            "learning_rate_init": 0.01,
            "learning_rate": "constant",
            "hidden_layer_sizes": [
                100,
                100
            ],
            "early_stopping": true,
            "alpha": 0.0001,
            "activation": "tanh"
        },
        "score": 0.8548195977619069,
        "model_time": 6.267751455307007,
        "accuracy_train": 0.7883305158547206,
        "accuracy_val": 0.7779105904852976,
        "accuracy_test": 0.7798757170172084,
        "f1_score": 0.6951340615690169,
        "recall": 0.6151142355008787,
        "auc": 0.7542668472619452,
        "fpr": [
            0.0,
            0.1065805409769883,
            1.0
        ],
        "tpr": [
            0.0,
            0.6151142355008787,
            1.0
        ],
        "model_path": "./models/mlp/6.pkl"
    },
    "7": {
        "params": {
            "solver": "adam",
            "n_iter_no_change": 10,
            "learning_rate_init": 0.01,
            "learning_rate": "adaptive",
            "hidden_layer_sizes": [
                50,
                50
            ],
            "early_stopping": true,
            "alpha": 0.001,
            "activation": "relu"
        },
        "score": 0.8415215688168945,
        "model_time": 2.3436942100524902,
        "accuracy_train": 0.7836176425388044,
        "accuracy_val": 0.7712168300262969,
        "accuracy_test": 0.7750956022944551,
        "f1_score": 0.6897461259479064,
        "recall": 0.6127709431751611,
        "auc": 0.7498654877361474,
        "fpr": [
            0.0,
            0.11303996770286637,
            1.0
        ],
        "tpr": [
            0.0,
            0.6127709431751611,
            1.0
        ],
        "model_path": "./models/mlp/7.pkl"
    },
    "8": {
        "params": {
            "solver": "adam",
            "n_iter_no_change": 15,
            "learning_rate_init": 0.01,
            "learning_rate": "adaptive",
            "hidden_layer_sizes": [
                50,
                50
            ],
            "early_stopping": true,
            "alpha": 0.001,
            "activation": "tanh"
        },
        "score": 0.8576861479116378,
        "model_time": 3.401097059249878,