{
    "decision_tree": {
        "accuracy_best": 0.8647227533460803,
        "accuracy_avg": 0.8647227533460803,
        "accuracy_std": 0.0,
        "f1_score_best": 0.8373563218390805,
        "f1_score_avg": 0.8373563218390805,
        "f1_score_std": 0.0,
        "recall_best": 0.8535442296426479,
        "recall_avg": 0.8535442296426479,
        "recall_std": 0.0,
        "auc_best": 0.8629852759032779,
        "auc_avg": 0.8629852759032779,
        "auc_std": 0.0,
        "fpr_best": [
            0.0,
            0.12757367783609205,
            1.0
        ],
        "fpr_avg": 