{
    "0": {
        "params": {
            "n_estimators": 200,
            "min_samples_split": 2,
            "min_samples_leaf": 2,
            "max_features": null,
            "max_depth": 20,
            "criterion": "entropy",
            "class_weight": "balanced_subsample",
            "bootstrap": true
        },
        "score": 0.9676697389374406,
        "model_time": 2.701228618621826,
        "accuracy_train": 0.9966702525485375,
        "accuracy_val": 0.9120248625388477,
        "accuracy_test": 0.9184990439770554,
        "f1_score": 0.9003797838153667,
        "recall": 0.9027533684827183,
        "auc": 0.9160516943342135,
        "fpr": [
            0.0,
            0.07064997981429148,
            1.0
        ],
        "tpr": [
            0.0,
            0.9027533684827183,
            1.0
        ],
        "model_path": "./models/random_fortest/0.pkl"
    },
    "1": {
        "params": {
            "n_estimators": 1500,
            "min_samples_split": 15,
            "min_samples_leaf": 8,
            "max_features": null,
            "max_depth": 100,
            "criterion": "log_loss",
            "class_weight": "balanced_subsample",
            "bootstrap": true
        },
        "score": 0.9589181011882764,
        "model_time": 16.75406837463379,
        "accuracy_train": 0.9508734183699605,
        "accuracy_val": 0.8905092039206312,
        "accuracy_test": 0.9063097514340345,
        "f1_score": 0.887291546866015,
        "recall": 0.9039250146455771,
        "auc": 0.9059390919009073,
        "fpr": [
            0.0,
            0.09204683084376261,
            1.0
        ],
        "tpr": [
            0.0,
            0.9039250146455771,
            1.0
        ],
        "model_path": "./models/random_fortest/1.pkl"
    },
    "2": {
        "params": {
            "n_estimators": 200,
            "min_samples_split": 10,
            "min_samples_leaf": 4,
            "max_features": null,
            "max_depth": null,
            "criterion": "log_loss",
            "class_weight": null,
            "bootstrap": true
        },
        "score": 0.9644788439226902,
        "model_time": 2.3022994995117188,
        "accuracy_train": 0.9774601710977922,
        "accuracy_val": 0.9058092278269185,
        "accuracy_test": 0.9134799235181644,
        "f1_score": 0.8937169700528479,
        "recall": 0.8916227299355595,
        "auc": 0.9100826608902667,
        "fpr": [
            0.0,
            0.07145740815502624,
            1.0
        ],
        "tpr": [
            0.0,
            0.8916227299355595,
            1.0
        ],
        "model_path": "./models/random_fortest/2.pkl"
    },
    "3": {
        "params": {
            "n_estimators": 100,
            "min_samples_split": 2,
            "min_samples_leaf": 4,
            "max_features": "log2",
            "max_depth": null,
            "criterion": "log_loss",
            "class_weight": "balanced",
            "bootstrap": false
        },
        "score": 0.9627803406776216,
        "model_time": 0.8335051536560059,
        "accuracy_train": 0.995850622406639,
        "accuracy_val": 0.9003107817355964,
        "accuracy_test": 0.9086998087954111,
        "f1_score": 0.8884345794392523,
        "recall": 0.8910369068541301,
        "auc": 0.9059544647310618,
        "fpr": [
            0.0,
            0.07912797739200646,
            1.0
        ],
        "tpr": [
            0.0,
            0.8910369068541301,
            1.0
        ],
        "model_path": "./models/random_fortest/3.pkl"
    },
    "4": {
        "params": {
            "n_estimators": 1500,
            "min_samples_split": 10,
            "min_samples_leaf": 1,
            "max_features": "log2",
            "max_depth": 100,
            "criterion": "entropy",
            "class_weight": null,
            "bootstrap": false
        },
        "score": 0.9650474338512183,
        "model_time": 11.660522222518921,
        "accuracy_train": 0.9998975462322627,
        "accuracy_val": 0.9086779823093474,
        "accuracy_test": 0.9113288718929254,
        "f1_score": 0.8898128898128899,
        "recall": 0.8775629759812537,
        "auc": 0.9060806401908691,
        "fpr": [
            0.0,
            0.06540169559951554,
            1.0
        ],
        "tpr": [
            0.0,
            0.8775629759812537,
            1.0
        ],
        "model_path": "./models/random_fortest/4.pkl"
    },
    "5": {
        "params": {
            "n_estimators": 50,
            "min_samples_split": 10,
            "min_samples_leaf": 2,
            "max_features": null,
            "max_depth": 100,
            "criterion": "entropy",
            "class_weight": "balanced",
            "bootstrap": true
        },
        "score": 0.9643554477642862,
        "model_time": 0.6814343929290771,
        "accuracy_train": 0.9841708928845858,
        "accuracy_val": 0.9029404733444896,
        "accuracy_test": 0.9141969407265774,
        "f1_score": 0.8955484434099505,
        "recall": 0.9015817223198594,
        "auc": 0.9122361578898449,
        "fpr": [
            0.0,
            0.07710940654016955,
            1.0
        ],
        "tpr": [
            0.0,
            0.9015817223198594,
            1.0
        ],
        "model_path": "./models/random_fortest/5.pkl"
    },
    "6": {
        "params": {
            "n_estimators": 500,
            "min_samples_split": 5,
            "min_samples_leaf": 1,
            "max_features": "log2",
            "max_depth": null,
            "criterion": "log_loss",
            "class_weight": null,
            "bootstrap": true
        },
        "score": 0.9614175623691491,
        "model_time": 2.6981146335601807,
        "accuracy_train": 0.9996414118129194,
        "accuracy_val": 0.8995935931149892,
        "accuracy_test": 0.9060707456978967,
        "f1_score": 0.8833481745325023,
        "recall": 0.8717047451669596,
        "auc": 0.9007292397615178,
        "fpr": [
            0.0,
            0.0702462656439241,
            1.0
        ],
        "tpr": [
            0.0,
            0.8717047451669596,
            1.0
        ],
        "model_path": "./models/random_fortest/6.pkl"
    },
    "7": {
        "params": {
            "n_estimators": 100,
            "min_samples_split": 5,
            "min_samples_leaf": 1,
            "max_features": "log2",
            "max_depth": 20,
            "criterion": "log_loss",
            "class_weight": null,
            "bootstrap": false
        },
        "score": 0.9648941730475628,
        "model_time": 0.8062586784362793,
        "accuracy_train": 1.0,
        "accuracy_val": 0.910829548171169,
        "accuracy_test": 0.9134799235181644,
        "f1_score": 0.8925816023738873,
        "recall": 0.8810779144698301,
        "auc": 0.9084436806907084,
        "fpr": [
            0.0,
            0.0641905530884134,
            1.0
        ],
        "tpr": [
            0.0,
            0.8810779144698301,
            1.0
        ],
        "model_path": "./models/random_fortest/7.pkl"
    },
    "8": {
        "params": {
            "n_estimators": 1500,
            "min_samples_split": 20,
            "min_samples_leaf": 1,
            "max_features": null,
            "max_depth": null,
            "criterion": "entropy",
            "class_weight": "balanced",
            "bootstrap": true
        },
        "score": 0.9612049517668921,
        "model_time": 19.022988319396973,
        "accuracy_train": 0.9644485425951539,
        "accuracy_val": 0.8943342098972029,
        "accuracy_test": 0.9079827915869981,
        "f1_score": 0.8888888888888888,
        "recall": 0.9021675454012889,
        "auc": 0.9070789281306001,
        "fpr": [
            0.0,
            0.08800968914008882,
            1.0
        ],
        "tpr": [
            0.0,
            0.9021675454012889,
            1.0
        ],