{
    "0": {
        "params": {
            "kernel": "rbf",
            "gamma": 0.1,
            "degree": 2,
            "coef0": 0.0,
            "C": 100
        },
        "score": 0.8472606700333071,
        "model_time": 43.432133197784424,
        "accuracy_train": 0.7753188873520823,
        "accuracy_val": 0.7595027492230456,
        "accuracy_test": 0.7736615678776291,
        "f1_score": 0.6944175540496934,
        "recall": 0.6303456356180434,
        "auc": 0.7513859788909756,
        "fpr": [
            0.0,
            0.12757367783609205,
            1.0
        ],
        "tpr": [
            0.0,
            0.6303456356180434,
            1.0
        ],
        "model_path": "./models/svm/0.pkl"
    },
    "1": {
        "params": {
            "kernel": "rbf",
            "gamma": "scale",
            "degree": 2,
            "coef0": 0.1,
            "C": 100
        },
        "score": 0.8391147160201207,
        "model_time": 43.659979820251465,
        "accuracy_train": 0.771374417294196,
        "accuracy_val": 0.7561558689935453,
        "accuracy_test": 0.7684034416826003,
        "f1_score": 0.684056080860776,
        "recall": 0.6145284124194493,
        "auc": 0.7444866527175971,
        "fpr": [
            0.0,
            0.12555510698425515,
            1.0
        ],
        "tpr": [
            0.0,
            0.6145284124194493,
            1.0
        ],
        "model_path": "./models/svm/1.pkl"
    },
    "2": {
        "params": {
            "kernel": "rbf",
            "gamma": "auto",
            "degree": 2,
            "coef0": 0.5,
            "C": 100
        },
        "score": 0.8514056161810704,
        "model_time": 42.88998007774353,
        "accuracy_train": 0.7791609036422315,
        "accuracy_val": 0.7626105665790103,
        "accuracy_test": 0.7765296367112811,
        "f1_score": 0.7000320821302535,
        "recall": 0.6391329818394845,
        "auc": 0.7551740807461451,
        "fpr": [
            0.0,
            0.12878482034719418,
            1.0
        ],
        "tpr": [
            0.0,
            0.6391329818394845,
            1.0
        ],
        "model_path": "./models/svm/2.pkl"
    },
    "3": {
        "params": {
            "kernel": "rbf",
            "gamma": 0.1,
            "degree": 4,
            "coef0": 0.5,
            "C": 100
        },
        "score": 0.8472606700333071,
        "model_time": 43.46691918373108,
        "accuracy_train": 0.7753188873520823,
        "accuracy_val": 0.7595027492230456,
        "accuracy_test": 0.7736615678776291,
        "f1_score": 0.6944175540496934,
        "recall": 0.6303456356180434,
        "auc": 0.7513859788909756,
        "fpr": [
            0.0,
            0.12757367783609205,
            1.0
        ],
        "tpr": [
            0.0,
            0.6303456356180434,
            1.0
        ],
        "model_path": "./models/svm/3.pkl"
    },
    "4": {
        "params": {
            "kernel": "poly",
            "gamma": "scale",
            "degree": 4,
            "coef0": 0.5,
            "C": 100
        },
        "score": 0.850450965798054,
        "model_time": 73.97274708747864,
        "accuracy_train": 0.7772655089390912,
        "accuracy_val": 0.7645230695672962,
        "accuracy_test": 0.7746175908221797,
        "f1_score": 0.6953150242326332,
        "recall": 0.6303456356180434,
        "auc": 0.7521934072317104,
        "fpr": [
            0.0,
            0.12595882115462254,
            1.0
        ],
        "tpr": [
            0.0,
            0.6303456356180434,
            1.0
        ],
        "model_path": "./models/svm/4.pkl"
    },
    "5": {
        "params": {
            "kernel": "poly",
            "gamma": 0.01,
            "degree": 2,
            "coef0": 0.1,
            "C": 100
        },
        "score": 0.8105156414539249,
        "model_time": 28.26373553276062,
        "accuracy_train": 0.7476563700630091,
        "accuracy_val": 0.7370308391106861,
        "accuracy_test": 0.7523900573613767,
        "f1_score": 0.6553559547571524,
        "recall": 0.5770357352079672,
        "auc": 0.7251347428563051,
        "fpr": [
            0.0,
            0.12676624949535728,
            1.0
        ],
        "tpr": [
            0.0,
            0.5770357352079672,
            1.0
        ],
        "model_path": "./models/svm/5.pkl"
    },
    "6": {
        "params": {
            "kernel": "rbf",
            "gamma": "scale",
            "degree": 3,
            "coef0": 0.5,
            "C": 10
        },
        "score": 0.8274197673325656,
        "model_time": 45.79198479652405,
        "accuracy_train": 0.7609753598688592,
        "accuracy_val": 0.7489839827874731,
        "accuracy_test": 0.7648183556405354,
        "f1_score": 0.6765285996055227,
        "recall": 0.6028119507908611,
        "auc": 0.7396377073292215,
        "fpr": [
            0.0,
            0.12353653613241825,
            1.0
        ],
        "tpr": [
            0.0,
            0.6028119507908611,
            1.0
        ],
        "model_path": "./models/svm/6.pkl"
    },
    "7": {
        "params": {
            "kernel": "poly",
            "gamma": "scale",
            "degree": 3,
            "coef0": 0.5,
            "C": 10
        },
        "score": 0.8230235076800267,
        "model_time": 28.434378385543823,
        "accuracy_train": 0.7614364018236771,
        "accuracy_val": 0.7477886684197944,
        "accuracy_test": 0.7652963671128107,
        "f1_score": 0.6828165374677002,
        "recall": 0.6192149970708846,
        "auc": 0.7425909462544571,
        "fpr": [
            0.0,
            0.13403310456197012,
            1.0
        ],
        "tpr": [
            0.0,
            0.6192149970708846,
            1.0
        ],
        "model_path": "./models/svm/7.pkl"
    },
    "8": {
        "params": {
            "kernel": "rbf",
            "gamma": "scale",
            "degree": 3,
            "coef0": 0.1,
            "C": 100
        },
        "score": 0.8391147160201207,
        "model_time": 42.62256193161011,
        "accuracy_train": 0.771374417294196,
        "accuracy_val": 0.7561558689935453,
        "accuracy_test": 0.7684034416826003,
        "f1_score": 0.684056080860776,
        "recall": 0.6145284124194493,
        "auc": 0.7444866527175971,
        "fpr": [
            0.0,
            0.12555510698425515,
            1.0
        ],
        "tpr": [
            0.0,
            0.6145284124194493,
            1.0
        ],
        "model_path": "./models/svm/8.pkl"
    },
    "9": {
        "params": {
            "kernel": "poly",
            "gamma": "auto",
            "degree": 4,
            "coef0": 0.5,
            "C": 100
        },
        "score": 0.8594075399408503,
        "model_time": 494.598929643631,
        "accuracy_train": 0.7834639618871984,
        "accuracy_val": 0.7709777671527612,
        "accuracy_test": 0.7758126195028681,
        "f1_score": 0.7022222222222222,
        "recall": 0.6479203280609256,
        "auc": 0.7559343263235593,
        "fpr": [
            0.0,
            0.13605167541380703,
            1.0
        ],
        "tpr": [
            0.0,
            0.6479203280609256,
            1.0
        ],
        "model_path": "./models/svm/9.pkl"
    },
    "10": {
        "params": {
            "kernel": "poly",
            "gamma": "auto",
            "degree": 4,
            "coef0": 0.5,
            "C": 100
        },
        "score": 0.8594075399408503,
        "model_time": 495.9258120059967,
        "accuracy_train": 0.7834639618871984,
        "accuracy_val": 0.7709777671527612,
        "accuracy_test": 0.7758126195028681,
        "f1_score": 0.7022222222222222,
        "recall": 0.6479203280609256,
        "auc": 0.7559343263235593,
        "fpr": [
            0.0,
            0.13605167541380703,
            1.0
        ],