{
    "0": {
        "params": {
            "subsample": 1.0,
            "reg_lambda": 0.01,
            "reg_alpha": 1,
            "n_estimators": 100,
            "min_child_weight": 3,
            "max_depth": 10,
            "learning_rate": 0.1,
            "gamma": 0,
            "colsample_bytree": 1.0
        },
        "score": 0.9684077990339108,
        "model_time": 0.23370575904846191,
        "accuracy_train": 0.9721838020593208,
        "accuracy_val": 0.9110686110447047,
        "accuracy_test": 0.9192160611854685,
        "f1_score": 0.900705052878966,
        "recall": 0.8980667838312829,
        "auc": 0.9159288299455164,
        "fpr": [
            0.0,
            0.0662091239402503,
            1.0
        ],
        "tpr": [
            0.0,
            0.8980667838312829,
            1.0
        ],
        "model_path": "./models/xgboost/0.pkl"
    },
    "1": {
        "params": {
            "subsample": 0.8,
            "reg_lambda": 0.01,
            "reg_alpha": 0.1,
            "n_estimators": 300,
            "min_child_weight": 1,
            "max_depth": 10,
            "learning_rate": 0.1,
            "gamma": 0.3,
            "colsample_bytree": 0.6
        },
        "score": 0.9716716089061567,
        "model_time": 0.5187456607818604,
        "accuracy_train": 0.9995901849290507,
        "accuracy_val": 0.91919674874492,
        "accuracy_test": 0.9192160611854685,
        "f1_score": 0.9002361275088547,
        "recall": 0.8933801991798477,
        "auc": 0.9152003943012682,
        "fpr": [
            0.0,
            0.06297941057731127,
            1.0
        ],
        "tpr": [
            0.0,
            0.8933801991798477,
            1.0
        ],
        "model_path": "./models/xgboost/1.pkl"
    },
    "2": {
        "params": {
            "subsample": 0.6,
            "reg_lambda": 1,
            "reg_alpha": 0,
            "n_estimators": 200,
            "min_child_weight": 1,
            "max_depth": 10,
            "learning_rate": 0.1,
            "gamma": 0.1,
            "colsample_bytree": 1.0
        },
        "score": 0.9710175056581223,
        "model_time": 0.45565199851989746,
        "accuracy_train": 0.9956969417550331,
        "accuracy_val": 0.9187186229978485,
        "accuracy_test": 0.9220841300191205,
        "f1_score": 0.9038348082595871,
        "recall": 0.8974809607498535,
        "auc": 0.9182600605121896,
        "fpr": [
            0.0,
            0.060960839725474364,
            1.0
        ],
        "tpr": [
            0.0,
            0.8974809607498535,
            1.0
        ],
        "model_path": "./models/xgboost/2.pkl"
    },
    "3": {
        "params": {
            "subsample": 0.8,
            "reg_lambda": 0.01,
            "reg_alpha": 1,
            "n_estimators": 400,
            "min_child_weight": 3,
            "max_depth": 7,
            "learning_rate": 0.2,
            "gamma": 0,
            "colsample_bytree": 0.8
        },
        "score": 0.970762254801102,
        "model_time": 0.5305862426757812,
        "accuracy_train": 0.9990266892064956,
        "accuracy_val": 0.9251733205833134,
        "accuracy_test": 0.9225621414913958,
        "f1_score": 0.9040284360189573,
        "recall": 0.8939660222612771,
        "auc": 0.9181174479493709,
        "fpr": [
            0.0,
            0.05773112636253532,
            1.0
        ],
        "tpr": [
            0.0,
            0.8939660222612771,
            1.0
        ],
        "model_path": "./models/xgboost/3.pkl"
    },
    "4": {
        "params": {
            "subsample": 0.6,
            "reg_lambda": 0.1,
            "reg_alpha": 0.1,
            "n_estimators": 200,
            "min_child_weight": 1,
            "max_depth": 10,
            "learning_rate": 0.2,
            "gamma": 0,
            "colsample_bytree": 0.8
        },
        "score": 0.9692079598039978,
        "model_time": 0.3753328323364258,
        "accuracy_train": 1.0,
        "accuracy_val": 0.9237389433420989,
        "accuracy_test": 0.9208891013384322,
        "f1_score": 0.9022156573116691,
        "recall": 0.8945518453427065,
        "auc": 0.916795502808616,
        "fpr": [
            0.0,
            0.060960839725474364,
            1.0
        ],
        "tpr": [
            0.0,
            0.8945518453427065,
            1.0
        ],
        "model_path": "./models/xgboost/4.pkl"
    },
    "5": {
        "params": {
            "subsample": 0.6,
            "reg_lambda": 1,
            "reg_alpha": 0,
            "n_estimators": 200,
            "min_child_weight": 1,
            "max_depth": 10,
            "learning_rate": 0.1,
            "gamma": 0.1,
            "colsample_bytree": 1.0
        },
        "score": 0.9710175056581223,
        "model_time": 0.5541532039642334,
        "accuracy_train": 0.9956969417550331,
        "accuracy_val": 0.9187186229978485,
        "accuracy_test": 0.9220841300191205,
        "f1_score": 0.9038348082595871,
        "recall": 0.8974809607498535,
        "auc": 0.9182600605121896,
        "fpr": [
            0.0,
            0.060960839725474364,
            1.0
        ],
        "tpr": [
            0.0,
            0.8974809607498535,
            1.0
        ],
        "model_path": "./models/xgboost/5.pkl"
    },
    "6": {
        "params": {
            "subsample": 1.0,
            "reg_lambda": 0.1,
            "reg_alpha": 0.1,
            "n_estimators": 400,
            "min_child_weight": 5,
            "max_depth": 10,
            "learning_rate": 0.1,
            "gamma": 0.1,
            "colsample_bytree": 0.8
        },
        "score": 0.9721514364907187,
        "model_time": 0.5127670764923096,
        "accuracy_train": 0.9946211771937913,
        "accuracy_val": 0.917284245756634,
        "accuracy_test": 0.9232791586998088,
        "f1_score": 0.9055604589585172,
        "recall": 0.9015817223198594,
        "auc": 0.9199067271268251,
        "fpr": [
            0.0,
            0.06176826806620912,
            1.0
        ],
        "tpr": [
            0.0,
            0.9015817223198594,
            1.0
        ],
        "model_path": "./models/xgboost/6.pkl"
    },
    "7": {
        "params": {
            "subsample": 1.0,
            "reg_lambda": 0.01,
            "reg_alpha": 0.01,
            "n_estimators": 400,
            "min_child_weight": 3,
            "max_depth": 10,
            "learning_rate": 0.05,
            "gamma": 0.3,
            "colsample_bytree": 1.0
        },
        "score": 0.9701640932989303,
        "model_time": 0.5898046493530273,
        "accuracy_train": 0.9852466574458276,
        "accuracy_val": 0.9213483146067416,
        "accuracy_test": 0.9223231357552581,
        "f1_score": 0.9043273476596997,
        "recall": 0.8998242530755711,
        "auc": 0.9188261354194973,
        "fpr": [
            0.0,
            0.0621719822365765,
            1.0
        ],
        "tpr": [
            0.0,
            0.8998242530755711,
            1.0
        ],
        "model_path": "./models/xgboost/7.pkl"
    },
    "8": {
        "params": {
            "subsample": 0.8,
            "reg_lambda": 0,
            "reg_alpha": 0,
            "n_estimators": 200,
            "min_child_weight": 3,
            "max_depth": 7,
            "learning_rate": 0.2,
            "gamma": 0,
            "colsample_bytree": 1.0
        },
        "score": 0.970133854495036,
        "model_time": 0.2977461814880371,
        "accuracy_train": 0.987398186568311,
        "accuracy_val": 0.9139373655271337,
        "accuracy_test": 0.9199330783938815,
        "f1_score": 0.9018458833870495,
        "recall": 0.9015817223198594,
        "auc": 0.9170807279342534,
        "fpr": [
            0.0,
            0.06742026645135245,
            1.0
        ],
        "tpr": [
            0.0,
            0.9015817223198594,
            1.0
        ],